part	position	round	slot	barcode
N_JUN	N	1	3	TACCATTGTCT
N_JUNB	N	1	3	TCCTCCCCAGG
N_JUND	N	1	3	ACCAGTGGCCT
N_ATF2	N	1	3	GACAGCAAGTT
N_ATF3	N	1	3	TTGATAGTGAA
N_ATF4	N	1	3	TATTCCATGAC
N_ATF5	N	1	3	GCGTCAGTTAT
N_ATF6	N	1	3	TTCAAACAGAC
N_ATF6B	N	1	3	CGTTTCCTGTG
N_ATF7	N	1	3	GCAACATCAAT
N_BATF	N	1	3	ATAAGATCGGG
N_BATF2	N	1	3	GAAACAAGCCT
N_BATF3	N	1	3	CAGTATTGGAC
N_JDP2	N	1	3	GCTGTAGTGGG
N_MAF	N	1	3	ATAGGCACACG
N_MAFA	N	1	3	AGCCTAACGCA
N_MAFB	N	1	3	GGGCAATTGCT
N_MAFF	N	1	3	TTACGTTAGTA
N_MAFG	N	1	3	ATATGATTACG
N_MAFK	N	1	3	GTCCAGCAAGA
N_FOS	N	1	3	TCTGCAGTTAC
N_FOSB	N	1	3	GGACTGCAGAG
N_FOSL1	N	1	3	CGGAGTACCAT
N_FOSL2	N	1	3	TTCAATGGGGA
DBD_JUN	DBD	2	2	CACATAGTCGA
DBD_JUNB	DBD	2	2	AGAACATTGAG
DBD_JUND	DBD	2	2	GAAGGCGACGG
DBD_ATF2	DBD	2	2	ATTACCTTTCC
DBD_ATF3	DBD	2	2	TTTCGGGCGGG
DBD_ATF4	DBD	2	2	TGCGAGATGTA
DBD_ATF5	DBD	2	2	TTACTAGGAGA
DBD_ATF6	DBD	2	2	TAAGCCTATGT
DBD_ATF6B	DBD	2	2	CGGTCTTTATA
DBD_ATF7	DBD	2	2	ATAAAATGCCT
DBD_BATF	DBD	2	2	TTGCTAGACCG
DBD_BATF2	DBD	2	2	AATGGAATGAT
DBD_BATF3	DBD	2	2	TACTGCCCAAC
DBD_JDP2	DBD	2	2	TCTCGCATGGC
DBD_MAF	DBD	2	2	AAACACCAAAG
DBD_MAFA	DBD	2	2	CTCCAGAACCA
DBD_MAFB	DBD	2	2	ATCACCCTACT
DBD_MAFF	DBD	2	2	GGAGGACGAGA
DBD_MAFG	DBD	2	2	AATTGGGCCTT
DBD_MAFK	DBD	2	2	AAGTCGTCTAT
DBD_FOS	DBD	2	2	AATCAACTATT
DBD_FOSB	DBD	2	2	AACAGTCGGAA
DBD_FOSL1	DBD	2	2	TAATAGTCATA
DBD_FOSL2	DBD	2	2	CGTGTGCGACT
C_JUN	C	3	1	ACTATTCACAT
C_JUNB	C	3	1	AGTGTGCAATA
C_JUND	C	3	1	GTGATCTAGAC
C_ATF2	C	3	1	CCCGGCAGAGA
C_ATF3	C	3	1	GCTCTACAAAT
C_ATF4	C	3	1	GAAATATTGAC
C_ATF5	C	3	1	CCACACCTGAT
C_ATF6	C	3	1	TAGCCTTCAAA
C_ATF6B	C	3	1	GTTGCTTGGGT
C_ATF7	C	3	1	TGATTAATTGT
C_BATF	C	3	1	GAGCCCCGTCG
C_BATF2	C	3	1	ACAGCGCAGGT
C_BATF3	C	3	1	GTGGCGAAACG
C_JDP2	C	3	1	GGATAATCTCT
C_MAF	C	3	1	TAAGGCACCCA
C_MAFA	C	3	1	TCGATGATGAG
C_MAFB	C	3	1	CCCAATCTTCA
C_MAFF	C	3	1	CCGGTCGATTA
C_MAFG	C	3	1	CTGATGCCAGG
C_MAFK	C	3	1	CTCGACACGAT
C_FOS	C	3	1	CCGGCTGTAAG
C_FOSB	C	3	1	GGCGCTGCAGA
C_FOSL1	C	3	1	CCGATGAAGGA
C_FOSL2	C	3	1	CACCTTTCATA
