name	fragments
N_JUN	3
N_JUNB	4
N_JUND	4
N_ATF2	5
N_ATF3	2
N_ATF4	4
N_ATF5	3
N_ATF6	4
N_ATF6B	4
N_ATF7	4
N_BATF	1
N_BATF2	1
N_BATF3	1
N_JDP2	1
N_MAF	4
N_MAFA	3
N_MAFB	3
N_MAFF	1
N_MAFG	1
N_MAFK	1
N_FOS	2
N_FOSB	2
N_FOSL1	2
N_FOSL2	2
DBD_JUN	1
DBD_JUNB	1
DBD_JUND	1
DBD_ATF2	1
DBD_ATF3	1
DBD_ATF4	1
DBD_ATF5	1
DBD_ATF6	1
DBD_ATF6B	1
DBD_ATF7	1
DBD_BATF	1
DBD_BATF2	1
DBD_BATF3	1
DBD_JDP2	1
DBD_MAF	2
DBD_MAFA	2
DBD_MAFB	2
DBD_MAFF	2
DBD_MAFG	2
DBD_MAFK	2
DBD_FOS	1
DBD_FOSB	1
DBD_FOSL1	1
DBD_FOSL2	1
C_JUN	1
C_JUNB	1
C_JUND	1
C_ATF2	2
C_ATF3	1
C_ATF4	1
C_ATF5	1
C_ATF6	4
C_ATF6B	4
C_ATF7	2
C_BATF	1
C_BATF2	3
C_BATF3	1
C_JDP2	1
C_MAF	1
C_MAFA	1
C_MAFB	1
C_MAFF	1
C_MAFG	1
C_MAFK	1
C_FOS	3
C_FOSB	2
C_FOSL1	2
C_FOSL2	2
