part	position	end	wild_type	synthesised
N_JUN	N	3'	QE	QD
N_JUNB	N	3'	QE	QD
N_JUND	N	3'	QE	QD
N_ATF3	N	3'	EE	ED
N_ATF4	N	3'	EK	ED
N_ATF5	N	3'	TR	TD
N_ATF6	N	3'	IA	ID
N_ATF6B	N	3'	AK	AD
N_ATF7	N	3'	DP	ED
N_BATF2	N	3'	PK	PD
N_JDP2	N	3'	EE	ED
N_FOS	N	3'	EE	ED
N_FOSB	N	3'	EE	ED
N_FOSL1	N	3'	EE	ED
N_FOSL2	N	3'	EE	ED
DBD_JUN	DBD	3'	NH	KH
DBD_ATF4	DBD	3'	EV	EH
DBD_ATF5	DBD	3'	EV	EH
DBD_ATF6	DBD	3'	RL	RH
DBD_ATF6B	DBD	3'	EL	EH
DBD_MAF	DBD	3'	KL	KH
DBD_MAFA	DBD	3'	KL	KH
DBD_MAFB	DBD	3'	KL	KH
DBD_MAFF	DBD	3'	AL	AH
DBD_MAFG	DBD	3'	AL	AH
DBD_MAFK	DBD	3'	AL	AH
